id,user_id,step_id,task_id,feedback,suggestions,created_at
64,9d1e7339-7eef-4052-9a76-815e5205c335,s1,KP001,"score: 0
reason: 学生备注为空，无法评估对知识点KP001的掌握情况。",,2026-02-15T11:05:00.287440
65,9d1e7339-7eef-4052-9a76-815e5205c335,s1,KP002,"score: 0
reason: 未提供学生反馈，无法评估掌握度。",,2026-02-15T11:05:04.588634
66,9d1e7339-7eef-4052-9a76-815e5205c335,s1,KP003,"score: 0
reason: 学生备注为空，无法评估对知识点 KP003 的掌握情况。",,2026-02-15T11:05:07.552376
67,9d1e7339-7eef-4052-9a76-815e5205c335,s1,KP004,"score: 0
reason: 学生备注为空，无法评估对知识点 KP004 的掌握情况。",,2026-02-15T11:05:10.074669
68,9d1e7339-7eef-4052-9a76-815e5205c335,s1,KP005,"score: 0
reason: 学生备注为空，无法评估对知识点 KP005 的掌握情况。",,2026-02-15T11:05:12.515633
69,9d1e7339-7eef-4052-9a76-815e5205c335,s1,KP055,"score: 0
reason: 学生备注为空，无法评估对知识点的掌握情况。",,2026-02-15T11:05:14.800331
70,9d1e7339-7eef-4052-9a76-815e5205c335,s1,T1.1,"### **点评**

**优点：**
1.  **对KP001（受众画像）和KP004（选题价值评估）有良好应用**：作业明确将目标读者定位为“中国研究、政治学、社会学、公共政策与公共管理领域的研究生、高年级本科生及教师”，并针对每本书详细阐述了其“学术/内容价值”和“市场/读者价值”，符合双维评估要求。
2.  **对KP003（竞品分析）有深入实践**：不仅列出了5本竞品图书，而且在每本书的分析中都隐含了与现有英文文献的差异化比较（如张静书“补足机制叙述”、吴毅书“提供稀缺案例文本”、赵树凯书“对接官僚体制研究”），体现了对标思维。
3.  **对KP002（图书类型与定位）有清晰认知**：准确识别了三本书的类型（理论框架著作、个案深描民族志、全景分析专著），并为其匹配了相应的海外教学与研究场景（核心阅读、案例教学、专业参考）。
4.  **结构完整，论证详实**：作业按照预设框架，为每本书系统分析了其价值、市场定位和用途，并提供了事实来源，逻辑清晰。

**不足：**
1.  **KP005（出版社匹配）完全缺失**：这是本次作业最核心的短板。全文未提及任何潜在的国际出版社、图书系列或具体编辑，使得选题方案停留在“好想法”阶段，缺乏落地的关键路径。没有说明这些书适合剑桥大学出版社的“中国研究”系列，还是劳特利奇出版社的“亚洲政治”系列，或是其他学术出版社。
2.  **KP055（市场与营销计划）仅具雏形**：作业提到了“课程采用”这一核心推广场景，但未形成初步的“营销计划”。例如，未提及可借助哪些学术网络、书评期刊进行推广，未设想可能的推荐人（如领域内知名学者），也未讨论除课程外，如何触及政策分析界等更广泛的读者。
3.  **英文定位陈述过于简略**：提供的100-150字陈述只是对前文要点的缩写，未能整合成一个更具说服力、面向出版决策者的“电梯演讲”，也未能突出三本书作为一个组合项目的协同效应与整体市场潜力。

### **修改建议**

1.  **立即补充出版社匹配分析（强化KP005）**：
    *   针对每本书的学术风格与读者定位，分别研究并推荐2-3家最合适的国际学术出版社。例如：
        *   **张静《基层政权》**：可对标剑桥大学出版社、斯坦福大学出版社的中国政治/社会学系列。
        *   **吴毅《小镇喧嚣》**：可考虑华盛顿大学出版社、哥伦比亚大学出版社的当代亚洲研究系列，或注重民族志的出版社如加州大学出版社。
        *   **赵树凯《乡镇治理》**：非常适合劳特利奇出版社、帕尔格雷夫·麦克米伦出版社的公共管理与亚洲研究系列。
    *   简要说明推荐理由，如该出版社已出版类似主题或方法论的书、拥有强大的相关学科编辑团队和发行网络。

2.  **细化初步市场与营销计划（完善KP055）**：
    *   **推广渠道**：明确除课程大纲外，可在哪些关键学术期刊（如 *The China Journal*, *Journal of Contemporary China*）发布书评；计划在哪些主要学术会议（如AAS、APSA）上进行展示。
    *   **关键意见领袖**：列出几位可能愿意为本书撰写推荐语或序言的国际知名学者（如Jean Oi, Kevin O‘Brien 等竞品书作者的同领域学者）。
    *   **读者触达**：说明如何通过出版社邮件列表、相关学术协会通讯、社交媒体（如Academic Twitter/X）针对目标读者群体进行宣传。

3.  **重写英文定位陈述，提升说服力**：
    *   将陈述整合为一段连贯的文字，开门见山指出这三本书作为一个翻译项目，如何系统性地填补了海外中国基层治理研究的空白。
    *   采用“钩子-价值-证据”结构：例如，“这套译丛首次将中国基层治理研究的三类经典范式——制度理论、深度民族志、组织分析——系统引入英语世界，旨在为相关领域的研究与教学提供不可或缺的核心文本。它们分别满足了理论对话、案例教学与专业参考的差异化需求，能够精准服务于中国研究、政治学与公共管理领域的师生及从业者。”
    *   在陈述末尾，可简要提及与已列出的竞品书的互补关系，强化其市场必要性。

**总结**：作业在内容分析、价值论证和竞品对标方面表现扎实，但作为一份面向国际出版的“选题提案”，必须在**出版渠道匹配（KP005）**和**市场推广构想（KP055）** 上给出具体方案，才能体现其可行性与专业性。请优先补充这两部分内容。",,2026-02-15T11:05:41.371816
71,9d1e7339-7eef-4052-9a76-815e5205c335,s1,KP008,"score: 0
reason: 学生备注为空，无法评估对知识点 KP008 的掌握情况。",,2026-02-15T11:24:34.512682
72,9d1e7339-7eef-4052-9a76-815e5205c335,s1,KP009,"score: 0
reason: 未提供用户反馈，无法评估掌握度。",,2026-02-15T11:24:36.942459
73,9d1e7339-7eef-4052-9a76-815e5205c335,s1,KP010,"score: 0
reason: 学生备注为空，无法评估对知识点的掌握情况。",,2026-02-15T11:24:39.286258
74,9d1e7339-7eef-4052-9a76-815e5205c335,s1,KP031,"score: 0
reason: 学生备注为空，无法评估对知识点 KP031 的掌握情况。",,2026-02-15T11:24:41.728705
75,9d1e7339-7eef-4052-9a76-815e5205c335,s1,KP044,"score: 0
reason: 未提供用户反馈，无法评估掌握度。",,2026-02-15T11:24:44.226367
76,9d1e7339-7eef-4052-9a76-815e5205c335,s1,T1.2,"### **1. 点评**

**优点：**
1.  **学术价值评估深入（部分满足KP009）**：作业对三部著作的学术贡献、方法论和跨学科意义进行了详尽、专业的评估，这有助于在向国际出版社提交选题提案时，清晰阐述项目的核心价值，符合国际出版流程中“提案提交”环节对内容深度的要求。
2.  **风险识别全面（部分满足KP008）**：对政治敏感性、翻译质量、市场定位等风险的剖析非常深刻和具体，超出了基础要求，显示出对项目潜在挑战有清醒认识。这为制定项目章程中的风险管控计划提供了坚实基础。

**不足与改进点（基于知识点）：**
1.  **缺乏正式的项目章程要素（不符合KP008核心要求）**：作业内容更像一份深入的“选题评估报告”或“风险分析报告”，但**没有**整合成一份结构清晰的《项目章程》。缺少对以下关键要素的明确定义：
    *   **项目范围**：未清晰界定是翻译一本还是三本书？是仅翻译，还是包含寻找出版社、申请资助、协调版权等全流程？范围模糊。
    *   **进度里程碑**：SMART目标中的“2个月”过于笼统，没有分解为如“完成样章翻译”、“签署版权协议”、“提交全稿”等具体、可评审的阶段节点。
    *   **质量标准**：仅提及翻译难度，但未设定可衡量的质量验收标准（例如，通过第三方学术审校、符合特定风格指南等）。
    *   **参与角色职责**：列出了人员，但角色职责描述过于简单（仅为“翻译”、“项目经理”），未明确各角色在流程中的具体任务、交付物和决策权限（如谁负责终校验收？谁负责与出版社沟通？）。
2.  **对国际出版流程的整合不足（不符合KP009）**：作业侧重于内容评估，但未将项目任务嵌入到“选题提交→审稿→合同→编辑→发行”的国际标准出版流程时间轴中。例如，未考虑外方出版社审稿周期（通常3-6个月）、合同谈判时间、编辑加工周期等，这与“2个月”的时限设定严重矛盾。
3.  **预算与资源规划严重不匹配（不符合KP008的可行性）**：
    *   **翻译费用严重低估**：对于三部学术经典著作，总计5000元人民币的翻译预算完全不符合行业标准，无法聘请到知识点要求的“母语为英语、在中国研究领域有卓越翻译经验的汉学家或学者”。这直接导致项目最高风险（翻译质量）失控。
    *   **预算项缺失**：未包含审校费、学术导读作者费、版权代理费、格式排版等关键出版环节费用。
4.  **未体现版本控制与验收流程的具体安排（不符合KP031, KP044）**：
    *   **版本控制**：未提及在多人翻译协作中，将采用何种命名规范或工具（如Git, SharePoint）管理译稿版本，确保改动有迹可循。
    *   **终校与验收**：未描述终校（Final Verification）由谁执行、依据何种标准进行，以及最终的定稿验收流程如何（如是否需要签署验收单、由谁确认提交）。

### **2. 修改建议**

请将当前内容整合并扩充，形成一份结构化的 **《项目章程》** ，至少包含以下部分：

**1. 项目目标与范围 (KP008)**
*   **明确范围**：本项目旨在获得**《基层政权》、《小镇喧嚣》、《乡镇治理与政府制度化》** 三部著作的英文版权，并完成其**高质量学术翻译**，最终目标是与一家国际顶尖学术出版社签署出版合同。
*   **限定范围**：项目范围**包括**：版权联系与谈判、筹资、组建翻译审校团队、质量控制、提交提案及全稿。**不包括**：图书的市场营销、发行后的推广活动。

**2. 关键里程碑 (KP008, KP009)**
   *   **M1 (第1个月末)**：完成详细项目计划、初步版权询价、确定核心译者并签署意向协议、完成一部著作的样章翻译（约5000字）。
   *   **M2 (第3个月末)**：获得全部版权正式授权、完成全部初稿翻译。
   *   **M3 (第5个月末)**：完成交叉审校及学术润色、确定邀请撰写导读的学者。
   *   **M4 (第6个月末)**：向目标出版社提交完整的提案包（包括样章、目录、简介、作者团队CV）。
   *   *（注：整个流程合理时间应为6-12个月，而非2个月）*

**3. 角色与职责 (KP008)**
*   **项目经理 (周大强)**：全面统筹；负责版权谈判、预算管理、进度监控、与出版社沟通；**组织终校验收会议并签署验收单**。
*   **首席译者 (建议外聘)**：负责制定翻译风格指南、统一核心术语、审核最终译稿学术质量。
*   **译者 (陈小旺、黄晓波等)**：按分配章节进行初译；根据审校意见修改。
*   **学术审校**：聘请领域内英语母语学者进行可读性与学术准确性审校。
*   **版权顾问**：协助处理复杂的版权清算事宜。

**4. 质量标准与验收 (KP044)**
*   **质量标准**：译文需准确传达原文学术思想与叙事风格；术语翻译统一并经首席译者核准；符合目标出版社的文稿格式要求；通过第三方学术审校。
*   **验收流程**：译稿需依次经过“初译-自校-交叉互校-首席译者统稿-学术审校-终校”六道流程。终校后，由项目经理、首席译者、学术审校三方召开验收会议，确认所有问题已解决，并**共同签署《译稿定稿验收单》** 后，方可提交出版社。

**5. 风险管理计划 (KP008)**
*   在已识别的8类风险基础上，为每项风险制定**具体应对策略**。例如：
    *   **翻译质量风险**：应对策略为“重新规划预算，确保首席译者与审校费用占总预算50%以上；签订明确的质量条款合同”。
    *   **流程延误风险**：应对策略为“详细调研出版社审稿周期，在项目计划中预留充足的缓冲时间”。

**6. 预算修订 (KP008)**
*   **必须大幅增加总预算**（建议至少20-30万元人民币），并细化科目：
    *   译者与审校费（核心支出）
    *   版权许可费
    *   学术导读作者稿酬
    *   项目管理与版权代理费
    *   应急储备金

**7. 版本控制方案 (KP031)**
*   **明确方法**：规定使用云协作平台（如Google Docs）或版本控制工具，并建立文件命名规则（如：`BookTitle_Translator_YYYYMMDD_Version.docx`）。
*   **规定流程**：所有修改必须在同一文件内进行，并使用“修订模式”或通过“评论”功能提出建议，由指定人员（如首席译者）统一合并修改，并定期归档稳定版本。

请根据以上建议，将现有丰富的分析内容，系统性地填充至《项目章程》框架中，使其成为真正能够指导项目执行、进行评审决策的纲领性文件。",,2026-02-15T11:24:45.188833
77,9d1e7339-7eef-4052-9a76-815e5205c335,s1,KP008,"score: 0
reason: 学生备注为空，无法评估对知识点 KP008 的掌握情况。",,2026-02-15T11:30:40.591989
78,9d1e7339-7eef-4052-9a76-815e5205c335,s1,KP009,"score: 0
reason: 学生备注为空，无法评估对知识点 KP009 的掌握情况。",,2026-02-15T11:30:43.222262
79,9d1e7339-7eef-4052-9a76-815e5205c335,s1,KP010,"score: 0
reason: 学生备注为空，无法评估对知识点 KP010 的掌握情况。",,2026-02-15T11:30:45.472396
80,9d1e7339-7eef-4052-9a76-815e5205c335,s1,KP031,"score: 0
reason: 学生备注为空，无法评估对知识点 KP031 的掌握情况。",,2026-02-15T11:30:47.944655
81,9d1e7339-7eef-4052-9a76-815e5205c335,s1,KP044,"score: 0
reason: 学生未提供任何与知识点 KP044 相关的反馈或回答，无法评估其掌握程度。",,2026-02-15T11:30:50.299831
82,9d1e7339-7eef-4052-9a76-815e5205c335,s2,T2.1,"### **点评**

**优点：**
1.  **结构清晰，逻辑严谨：** 三份报告均遵循了“目标-信息-方法-结果-推断-风险”的标准流程，展现了良好的项目管理和报告撰写能力。
2.  **权利链意识明确：** 作业清晰地展示了运用 **KP012（权利链识别方法）** 的能力。对每部作品都尝试从“作者→中文出版社→海外出版社”的链条进行节点梳理，并正确区分了“事实发现”与“待合同核实”的信息。
3.  **风险评估意识突出：** 报告对已发现英文版的作品（张静、赵树凯）进行了关键的风险点分析，如独占性、地域范围、版本差异等，体现了 **KP020（版权风险评估）** 的要求。对未发现英文版的作品（吴毅）也提出了审慎的核实建议。
4.  **证据意识初步建立：** 作业注重引用具体的检索来源（如出版社平台、WorldCat、Cambridge Core）、ISBN、DOI等信息，为结论提供了可追溯的公开证据，符合 **KP020** 中证据归档的初步要求。

**不足与待改进之处（基于知识点）：**
1.  **对“翻译作为改编/演绎需获许可”（KP011）的核心理念强调不足：** 报告在“风险点与建议”部分，对需要获取授权有提及，但未在开篇或结论部分**明确强调**：任何计划中的新翻译项目，无论目标作品是否存在已有译本，其法律起点都是必须获得原著作权人的翻译授权。这是国际版权法的基本原则（**KP022**）。
2.  **权利链推断的深度与准确性有待加强（KP012）：**
    *   **报告一（张静）：** 对“Copyright Information: Social Sciences Academic Press 2025”的解读过于简化。这通常意味着社科文献出版社是英文版的**版权持有方（Copyright Holder）**，而Palgrave Macmillan是**被授权出版方（Licensee）**。权利链应为：作者 → 社科文献出版社（拥有外文版权或代理权） → Palgrave Macmillan。作业中的推断表述不够精确。
    *   **报告三（赵树凯）：** 对“商务印书馆推荐”的解读停留在“角色”推测，未明确指出这通常是“**版权输出代理**”关系的线索。应强调需核实商务印书馆是否从作者处获得了外文版权的独家代理权。
3.  **版权风险评估（KP020）可更系统化：**
    *   风险点较为分散，未以清单形式系统呈现（如：授权状态风险、版本风险、邻接权风险）。
    *   缺少对**邻接权（KP022）** 的明确考量。例如，报告一中提到了“译者合同”，但未在风险部分明确指出，若使用现有译本或与新译者合作，需分别厘清**译者（翻译作品著作权人）** 的权利，这是独立于原作品版权的重要邻接权。
4.  **国际版权公约（KP022）应用缺失：** 未提及这些作品因在中国出版，已自动受到《伯尔尼公约》的跨国保护。在建议核实授权时，未强调需关注授权合同适用的法律及争议解决条款，这些是国际授权中的核心风险点。

### **修改建议**

1.  **强化法律前提声明：**
    *   在每份报告的开头“调查目标”之后，或总结部分，增加一个 **“法律前提”** 说明框。例如：“根据《伯尔尼公约》及各国著作权法（KP022），翻译属于改编行为（KP011），实施前必须获得原作品著作权人的明确授权。本检索报告旨在厘清权利现状，为获取合法授权提供依据。”

2.  **深化与精确化权利链分析：**
    *   **报告一：** 将权利链推断修改为：“基于版权信息标注，可初步推断权利链为：作者张静（原始著作权人）→ 社会科学文献出版社（中文出版方及英文版版权标注方，很可能拥有外文版权或独家代理权）→ Palgrave Macmillan Singapore（被授权出版方）。需通过合同核实社科文献出版社获得作者授权的范围及其与Palgrave Macmillan授权合同的具体条款。”
    *   **报告三：** 在权利链节点中明确：“英文版节点（可见）：World Scientific（被授权出版方）。权利代理线索：作者提及‘经商务印书馆推荐’，商务印书馆很可能扮演了**版权输出代理方**的角色。需核实作者与商务印书馆的合同中，外文版权是否独家授予或委托给商务印书馆行使。”

3.  **系统化风险评估与归档建议：**
    *   为每份报告设计一个 **“版权风险评估与行动清单”** 表格，包含以下栏目：
        *   **风险类别**（如：授权风险、版本风险、邻接权风险）
        *   **具体风险点**（如：英文版是否为全球独占授权；译本基于哪个中文版本；译者权利是否清晰）
        *   **缓解措施/待核实文件**（对应“最小核验清单”）
        *   **归档要求**（如：授权合同、版权状态查询记录、与权利方的通信记录需永久归档）（**KP020**）
    *   在风险点中，明确加入对**译者邻接权（KP022）** 的考量。例如在报告一的风险部分增加：“需核实译者Xiaoyan Li与出版方签订的合同，明确翻译作品著作权的归属、再许可权限及署名权保障，以避免未来产生译者权利纠纷。”

4.  **提升国际版权视野：**
    *   在报告的总结合适位置（如引言或全局建议），简要说明：“根据《伯尔尼公约》，三作品自在中国创作完成起即享有成员国版权保护。在寻求授权时，应重点关注授权合同中对适用法律（如中国法、新加坡法等）、管辖法院及授权地域（如全球、大中华区除外等）的约定，这些是评估项目法律风险的关键（**KP022**）。”

通过以上修改，您的作业将从优秀的“信息核查报告”升级为专业的“国际版权风险评估与授权路径分析报告”，完全符合出版实训中对版权严谨性的高阶要求。",,2026-02-15T11:39:51.279998
83,9d1e7339-7eef-4052-9a76-815e5205c335,s2,KP011,"score: 0
reason: 学生备注为空，无法评估对知识点的掌握情况。",,2026-02-15T11:42:29.079289
84,9d1e7339-7eef-4052-9a76-815e5205c335,s2,KP012,"score: 0
reason: 学生备注为空，无法评估对知识点 KP012 的掌握情况。",,2026-02-15T11:42:31.542798
85,9d1e7339-7eef-4052-9a76-815e5205c335,s2,KP020,"score: 0
reason: 学生备注为空，无法评估对知识点的掌握情况。",,2026-02-15T11:42:33.795087
86,9d1e7339-7eef-4052-9a76-815e5205c335,s2,KP022,"score: 0
reason: 学生备注为空，无法评估对知识点的掌握情况。",,2026-02-15T11:42:36.177273
87,9d1e7339-7eef-4052-9a76-815e5205c335,s2,T2.2,"### **点评**

**优点：**
1.  **结构清晰，覆盖全面：** 您的作业内容（风险清单、询函、日志、素材清单、许可申请信）构成了一个完整的国际出版项目前期工作流，体现了对版权洽谈全流程的系统性思考。
2.  **风险意识强：** 风险清单（KP020）详尽地识别了从权利授予到侵权赔偿的各类潜在风险，并制定了对应的行动清单，展现了出色的版权风险评估能力。
3.  **询函专业规范：** 三封翻译权询函（KP013）结构完整、用语礼貌，清晰表达了合作意向，并包含了书目信息、拟授权范围等关键要素，便于版权方评估。
4.  **流程管理细致：** 沟通日志记录了关键时间点、要点和状态，符合证据归档（KP020）和流程管理的最佳实践。
5.  **第三方素材处理框架化：** 第三方素材清单（KP015）及其分级规则（A/B/C/D）提供了清晰、可操作的处理策略，是管理此类复杂问题的有效工具。

**不足与改进点（基于知识点）：**
1.  **KP013 翻译权询函 - 信息可更聚焦：** 询函中“拟咨询的权利类型”部分选项（如“北美/全球英文/欧洲与北美/其他”）略显宽泛和犹豫。在首次询函中，提出过于灵活或复杂的选项可能让对方难以直接回应核心诉求。
2.  **KP014 授权意向构成 - 关键要素缺失：** 在询函和后续的Term Sheet中，**授权期限（Term）** 是核心要素之一，但在您的询函初稿和部分沟通记录中未作为明确要点提出，仅在后续补件中提及。这应在首次询函或早期沟通中就列为必问项。
3.  **KP015 第三方素材权限 - 责任归属模糊：** 在《小镇喧嚣》的推进日志（L006, L007）中，对方提及“对第三方内容同步清权要求”，但您的行动清单和沟通记录中，**未清晰记录“清权责任由谁承担（我方/版权方/共同）”、“费用如何分摊”** 这一关键谈判点。这直接关系到项目成本与风险（见您风险清单第3点）。
4.  **KP017 保密与信息安全 - 实践环节缺失：** 在日志L008电话沟通中注明“未录音”，这是正确的。但在L010，对方同意提供材料（版权页、样章等）时，您的“下一步建议”中**未提及签署保密协议（NDA）或通过安全渠道传输**，存在信息泄露风险。保密义务应主动落实在行动中。
5.  **KP021 许可申请信 - 信息有待具体化：** 您提供的许可申请信模板结构良好，但作为示例，其中 **“拟授权素材信息”部分为占位符【】】** 。在实际应用中，必须填入每一项素材的精确信息（如：原书页码、图表编号、版权方确切名称），否则无法启动有效申请。作业中未展示此环节的完整示例。
6.  **KP020 证据归档 - 关键证据未留存：** 日志L008电话沟通的结论（如“对方倾向英文纸电打包授权”）非常重要，但仅以“人工纪要”形式存在。**最佳实践是会后通过邮件向对方发送书面纪要并要求确认**，以形成具有双方确认痕迹的书面证据，避免后续误解。

### **修改建议**

1.  **优化询函权利表述：** 在初次询函中，将权利意向表述得更具体、有侧重。例如：“地域：我们优先寻求北美（美国、加拿大）市场的英文授权；若条件允许，也可探讨全球英文授权。载体：希望包含纸质书和电子书的所有形式。” 这既表明了核心诉求，也保留了灵活性。
2.  **补全授权意向要素清单：** 在询函“请协助确认的关键信息”部分，以及内部检查清单中，明确加入“授权期限（Term）”作为必问项。例如：“请问贵社通常授权的期限是多久？（例如5年、7年或10年）”
3.  **明确第三方清权责任并记录：** 在收到版权方关于第三方素材的回复后，应立即在跟进邮件或纪要中明确：“关于书中第三方素材（如图表、照片）的许可获取，我们建议在合同中明确：1）清权责任方；2）相关费用承担方式。请问贵社的惯例是怎样的？” 并将对方的答复正式记录归档。
4.  **强化保密流程执行：** 在对方同意提供内部材料（如全稿、详细资料）前，主动提出：“为保护本书内容安全，我们可先行签署一份保密协议（NDA）。您是否有标准模板，或可由我方提供草案？” 所有敏感材料均应通过加密邮件或安全文件传输平台交换。
5.  **完善许可申请信示例：** 在作业或实际工作中，填写一份完整的许可申请信示例。例如：
    > **素材类型：** 统计图表
    > **素材标题/名称：** “2005-2015年A镇财政收入结构变化图”
    > **素材出处：** 摘自《中国县域统计年鉴（2016）》，第XX页，图X.X
    > **作者/版权所有者：** 国家统计局
    > **具体位置与范围：** 请求授权在英文版《小镇喧嚣》第X章中原样复制该图表（尺寸可能按版面调整）。
6.  **关键沟通务必书面确认：** 对于所有电话或会议讨论出的重要条款意向（如授权结构、费用区间），会后立即整理成简洁的书面纪要，通过邮件发送给对方，并写明：“以下是我们就今日电话沟通内容的理解，请您确认。如有任何出入，请及时指正。” 这将作为重要的谈判过程证据进行归档。

**总结：** 您的作业展现了扎实的知识基础和严谨的工作思路。改进的重点在于将宏观的风险意识，转化为每一个沟通环节中更精准、更主动、且留有书面证据的具体行动，特别是在**责任明确化、流程安全化和证据书面化**这三个维度上做到极致。这将使您在真实的版权洽谈中更加专业、高效且安全。",,2026-02-23T20:14:10.821580
88,9d1e7339-7eef-4052-9a76-815e5205c335,s2,KP013,"score: 0
reason: 未提供用户反馈，无法评估掌握度。",,2026-02-23T20:14:47.562658
89,9d1e7339-7eef-4052-9a76-815e5205c335,s2,KP014,"score: 0
reason: 学生备注为空，无法评估对知识点 KP014 的掌握情况。",,2026-02-23T20:14:50.185366
90,9d1e7339-7eef-4052-9a76-815e5205c335,s2,KP015,"score: 0
reason: 学生备注为空，无法评估对知识点 KP015 的掌握情况。",,2026-02-23T20:14:53.820287
91,9d1e7339-7eef-4052-9a76-815e5205c335,s2,KP017,"score: 0
reason: 未提供学生反馈或答题表现，无法评估掌握度。",,2026-02-23T20:14:56.767274
92,9d1e7339-7eef-4052-9a76-815e5205c335,s2,KP021,"score: 0
reason: 学生备注为空，无法评估对知识点的掌握情况。",,2026-02-23T20:14:59.355378
93,9d1e7339-7eef-4052-9a76-815e5205c335,s2,KP020,"score: 0
reason: 学生备注为空，无法评估对知识点的掌握情况。",,2026-02-23T20:15:01.744952
94,9d1e7339-7eef-4052-9a76-815e5205c335,s3,T3.1,"### **点评**

**优点：**
1.  **样章选择原则 (KP007) 体现充分**：作业明确选择了“导论”中关于研究问题、方法、案例与框架的核心连续小节，这**具有高度的典型性**，能集中展示全书的学术视野、方法论、核心概念和叙事分析风格，符合“代表全书质量和特色”的原则。
2.  **翻译策略 (KP023) 框架清晰**：对“忠实与适配的平衡”有系统性思考。明确了“英文学术写作的中性叙述风格”的总体定位，并在句法、段落组织上提出了具体的适配策略（如拆分长句、强化主题句），旨在确保学术严谨（忠实）的同时提升英文可读性（适配）。
3.  **文化负载项处理 (KP024) 分类细致**：将文化负载词分为制度岗位、关系实践、地名机构、政策术语等类别，并针对每类提出了从“功能对等”到“拼音加注”的梯度处理策略，体现了对文化传递与读者理解之间矛盾的深入考量。
4.  **术语抽取与统一 (KP025) 初步落实**：已提供了一份包含10个关键术语的对照列表，并计划建立更完整的术语表。这为翻译的一致性打下了良好基础，特别是对“乡镇”、“党委”、“干部”等高频核心概念的译法进行了预先统一。
5.  **样章呈现与风险意识 (KP052) 考虑周全**：对交付件（译文、术语表、译注清单）有明确规划，并详细预判了行政层级误译、文化刻板化、引用许可等关键风险点，提出了具体应对措施，展现出专业的项目管理和风险防控思维。

**不足与待改进点：**
1.  **样章范围的具体界定稍显模糊 (KP007)**：“选取连续1-2个相邻小节”的表述在操作上仍不够精确。未明确说明具体从导论的哪个部分开始、到哪个部分结束，或提供更具体的起止标识（如原文页码或标题），这可能导致样章内容的随机性，影响其作为评估样本的**最佳代表性**。
2.  **文化负载项处理策略的实操标准有待细化 (KP024)**：虽然分类清晰，但部分策略的触发条件或选择标准不够明确。例如，“关系”一词在何种具体语境下译为“connections”，何种语境下译为“relational ties”或使用拼音“*guanxi*”？“必要时”加注的“必要”性如何判断？这可能导致翻译实践中处理方式的不一致。
3.  **术语表 (KP025) 的领域覆盖与注释可增强**：现有术语表主要集中在行政层级和职务，对于样章中必然出现的、更核心的**学术概念术语**（如“田野方法”、“解释框架”、“叙事密度”、“条条块块”等）尚未抽取和预定义。此外，术语表缺乏简要的**定义或语境说明**，不利于后续译者或审校人员准确理解与应用。
4.  **样章呈现规范 (KP052) 的细节可进一步明确**：作业提到了交付“英文样章译文（含脚注）”，但未明确说明**是否要求以及如何呈现对照原文**。是采用并行分栏、分段对照，还是仅提供原文电子稿？此外，对于“标注清晰（如段落编号对应原文）”这一重要评估要求，作业中未见具体实施方案。

### **修改建议**

1.  **精确锁定样章范围，强化代表性理由**：
    *   在“样章组成与范围”部分，将“建议翻译：导论（方法与问题意识的核心段）”进一步具体化。例如：“**建议翻译《导论》中‘三、研究方法与田野进入’（原书第X-Y页）及‘四、案例选择与解释框架’（原书第Z页）的连续内容。该部分完整呈现了从问题提出、方法运用到分析框架搭建的核心学术链条，是全书论证逻辑的缩影。**”
    *   提供明确的**中文原文起止句**或**起止页码**，确保样章选取的精确性和可复现性。

2.  **细化文化负载词处理指南，建立决策流程图**：
    *   针对“关系与实践词”等复杂类别，制定更具体的**语境-译法对应表**。例如：
        *   “关系”（指人际网络）：在描述一般社会互动时，译为“connections”或“social networks”；在作为学术分析概念时，首次出现可用“*guanxi* (relational ties)”并加译注，后文可用“*guanxi*”。
        *   “上面”（指上级）：在具体行政语境中，译为“higher-level authorities”；在泛指“领导/上级”时，译为“superiors”。
    *   明确“译注触发条件”的优先级，例如：**1）影响核心论证逻辑；2）目标读者普遍缺乏该背景知识；3）直译会导致严重误解或歧义**。

3.  **扩充与深化术语表，增加学术概念与注释**：
    *   **扩充条目**：在现有行政术语基础上，增加从选定样章原文中提取的**关键学术概念**，例如：fieldwork (田野工作)、narrative density (叙事密度)、analytical argumentation (分析论证)、fragmented authoritarianism (碎片化威权，若适用)等。
    *   **增加注释**：为每个术语条目增加“**定义/解释**”和“**处理原则**”列。例如：
        | term_cn | term_en | 定义/解释 | 处理原则 |
        | :--- | :--- | :--- | :--- |
        | 条条块块 | vertical (tiao) and horizontal (kuai) relations | 形容中国官僚体系中纵向部门系统与横向地方政府间的矩阵关系。 | 首次出现时用“vertical (tiao) and horizontal (kuai) relations”并加译注简要说明；后文可简化为“tiao-kuai relations”。 |
        | 干部 | cadre | 泛指在国家机关、党组织、企事业单位中担任一定领导或管理工作的人员。 | 统一译为“cadre”，保持中性。避免使用“official”可能隐含的官僚主义色彩。 |

4.  **明确样章呈现格式规范，特别是原文对照方式**：
    *   在“交付件清单”或新增的“**格式规范**”部分明确：
        *   **对照形式**：“**提供中英文段落对照文档，采用左右分栏格式，段落编号（如[CN-001], [EN-001]）一一对应，以便编辑逐句审校。**”
        *   **排版要求**：“**英文译文正文为Times New Roman 12号字，1.5倍行距。作者原注以数字上标标出，译者注以符号（如*，†）上标标出，并于当页脚注区分说明。**”
        *   **提交物**：明确说明需同时提交**纯英文译文稿**和**中英对照稿**，以满足不同评估需求。

通过以上改进，您的样章翻译方案将从优秀的规划框架，升级为一份**精准、可操作、风险可控、交付标准明确的专业出版级指导文件**，能更有效地指导翻译实践并通过出版社的审阅。",,2026-02-23T20:27:36.257271
95,9d1e7339-7eef-4052-9a76-815e5205c335,s3,T3.2,"### **点评**

**优点：**
1.  **对评审意见的回应专业且系统**：您的回应严格遵循了KP043的要求，将评审意见进行了清晰分类（术语、隐喻、文化负载词等），并逐条说明了采纳情况、修改方式和理由。这体现了成熟的译后编辑和项目管理能力。
2.  **修订策略合理有效**：针对核心问题，您采取了恰当的修订措施，例如将“township-domain politics”统一为更自然的“township-level politics”，将“carrying the gun”调整为隐喻性更强的“gun-barrel role”，并为关键文化概念（如“lei and mei”）添加了译者注。这直接应用了KP032（一致性）和KP046（目标读者适配）的知识点。
3.  **风险意识强**：您在回应中明确列出了后续风险点清单（如制度层级、隐喻字面化、概念漂移），并规划了系统性解决方案（建立术语表、设定统一规则），这符合KP056中关于配合出版流程、提前规避学术性质疑的思维。

**不足：**
1.  **CAT工具工作流应用体现不足**：虽然修订结果良好，但在回应中未明确提及如何利用CAT工具（如Trados、memoQ等）来高效、系统地实施这些修改。例如，未说明是否通过更新并强制应用**翻译记忆库（TM）** 和**术语库（TB）** 来确保“higher-level authorities”、“township-level politics”等关键译法在全书的自动一致性（KP028）。也未提及是否使用了CAT工具的**质量保证（QA）** 功能来批量检查修订后样章中可能残留的数字、格式或不一致问题（KP028, KP032）。
2.  **同伴互审（Peer Revision）流程记录缺失**：回应聚焦于对专家评审意见的处理，但未提及在提交专家评审前，是否以及如何进行了**同伴互审（KP040）**。例如，是否与另一位译者交换审阅，并使用统一的评审表记录问题？这个过程能有效发现译者盲点，应在工作流记录中有所体现。
3.  **修订标记使用未明确**：在描述修订过程时，未提及是否使用**修订追踪（Track Changes）** 功能（KP047）来清晰记录对初稿的所有修改，以便评审人或编辑能一目了然地看到改动轨迹。这虽然是操作细节，但却是确保修改过程透明、便于多方协作的关键。
4.  **个别可读性细节可进一步优化**：尽管已做调整，个别句子的流畅度仍有微调空间。例如，“a little over forty”略显口语化，在学术文本中或可改为“in his early forties”。“living by the tongue”虽为改进，但“living by one’s eloquence”可能更贴近“耍嘴皮子”的实质并减少歧义。这属于KP046的精细打磨范畴。

### **修改建议**

1.  **补充并明示CAT工作流应用**：
    *   在回应或项目文档中说明：已将所有经审定的关键术语（如：higher-level authorities, township-level politics, banquet politics）导入CAT工具的**术语库（TB）**，并设置为“强制匹配”，确保后续章节翻译自动遵循。
    *   将本次修订后的样章更新至主**翻译记忆库（TM）**，作为高质量参考段。
    *   在完成修订后，使用CAT工具的**QA检查**功能，针对“术语一致性”、“数字格式”、“标点空格”等运行自动检查，并附上报告摘要，作为修改完成的佐证。

2.  **完善并记录同伴互审环节**：
    *   若尚未进行，建议在后续章节翻译中，正式引入**同伴互审**流程。可设计简易双语评审表，包含“术语一致性”、“文化负载词处理”、“逻辑连贯性”、“语言流畅度”等栏目。
    *   在项目汇报或流程记录中，说明互审的参与方、流程及发现的主要问题类型，体现质量控制的层级性。

3.  **规范使用修订追踪功能**：
    *   确保所有基于评审意见的修改均在**打开“修订标记（Track Changes）”** 的模式下进行，生成一份带有清晰修改记录的文档。
    *   在将修订稿提交给编辑或下一步流程时，可同时提供“清洁版”和“带修订标记版”，后者作为您回应意见的具体执行证据。

4.  **对可读性做最终微调**：
    *   通读修订稿，以目标读者（英语学术读者）的视角审视，对个别短语进行抛光。例如：
        *   “a little over forty” → **“in his early forties”**
        *   “living by the tongue” → **“living by one’s eloquence”** (或保留原译但确保TN2注释足够清晰)
        *   检查长句，确保逻辑主语清晰，断句符合英语阅读习惯。
    *   确认所有译者注（TN）位置恰当、内容必要且简洁，避免打断叙事流。

**总结**：您对评审意见的回应展现了极高的专业性和系统性思考，修订方向完全正确。下一步的重点是将这些优秀的修改**通过标准化的翻译生产流程（CAT工具、同伴互审、修订追踪）固化下来**，并体现在项目文档中，这不仅能提升当前项目的质量与效率，也为未来类似项目建立了可复制的范本。请在最终提交前，进行一次专注于语言流畅度和学术语体的通读抛光。",,2026-02-23T20:35:19.333800
96,9d1e7339-7eef-4052-9a76-815e5205c335,s3,KP028,"score: 0
reason: 学生备注为空，无法评估对知识点 KP028 的掌握情况。",,2026-02-23T20:37:28.465624
97,9d1e7339-7eef-4052-9a76-815e5205c335,s3,KP032,"score: 0
reason: 无学生反馈或答题记录可供评估。",,2026-02-23T20:37:31.960131
98,9d1e7339-7eef-4052-9a76-815e5205c335,s3,KP040,"score: 0
reason: 学生未提供任何与知识点 KP040 相关的反馈或回答，无法评估其掌握程度。",,2026-02-23T20:37:38.102521
99,9d1e7339-7eef-4052-9a76-815e5205c335,s3,KP043,"score: 0
reason: 学生备注为空，无法评估对知识点 KP043 的掌握情况。",,2026-02-23T20:37:41.199273
100,9d1e7339-7eef-4052-9a76-815e5205c335,s3,KP046,"score: 0
reason: 学生备注为空，无法评估对知识点的掌握情况。",,2026-02-23T20:37:44.134623
101,9d1e7339-7eef-4052-9a76-815e5205c335,s3,KP047,"score: 0
reason: 学生备注为空，无法评估对知识点的掌握情况。",,2026-02-23T20:37:47.637742
102,9d1e7339-7eef-4052-9a76-815e5205c335,s3,KP056,"score: 0
reason: 学生备注为空，无法评估对知识点的掌握情况。",,2026-02-23T20:37:51.358431
103,9d1e7339-7eef-4052-9a76-815e5205c335,s4,KP025,"score: 0
reason: 学生备注为空，无法评估对知识点的掌握情况。",,2026-02-23T20:44:17.771785
104,9d1e7339-7eef-4052-9a76-815e5205c335,s4,KP026,"score: 0
reason: 学生备注为空，无法评估对知识点的掌握情况。",,2026-02-23T20:44:21.375722
105,9d1e7339-7eef-4052-9a76-815e5205c335,s4,KP028,"score: 0
reason: 学生备注为空，无法评估对知识点 KP028 的掌握情况。",,2026-02-23T20:44:25.761535
106,9d1e7339-7eef-4052-9a76-815e5205c335,s4,KP032,"score: 0
reason: 学生备注为空，无法评估对知识点 KP032 的掌握情况。",,2026-02-23T20:44:29.991671
107,9d1e7339-7eef-4052-9a76-815e5205c335,s4,T4.1,"### **点评**

**优点：**
1.  **术语抽取范围明确**：作业内容涵盖了从具体地名、机构名称到抽象学术概念、文化负载词等广泛术语，体现了对原文和相关资料的系统性梳理，符合 **KP025** 关于确定领域关键术语、特定用语的要求。
2.  **初步统一了核心术语译法**：对“乡域政治”、“村域政治”、“扛枪杆子”等争议术语进行了深入分析和决策，并制定了明确的执行规则，这为后续翻译的一致性奠定了良好基础，直接呼应了 **KP032（一致性检查）** 的核心目标。
3.  **考虑了语境与读者**：在术语决策中，考虑了英文学术写作习惯（如使用 `township-level` 而非 `township-domain`）和避免文化误读（如 `banquet politics` 优于 `entertaining politics`），显示出专业判断。

**不足（基于知识点要求）：**
1.  **术语表字段严重缺失，不符合术语库建设规范（KP026）**：当前作业仅提供了“源语词”和“目标语译法”两个最基本字段，完全缺失了 **KP026** 强调的关键字段，如：
    *   **定义/上下文**：术语在原文中的具体含义或出现语境未记录。例如，“擂与媒 (lei and mei)”若无定义，译者或审校无法理解其意。
    *   **来源**：该术语出自原文哪一章节或页码未标明，不利于溯源和验证。
    *   **确认状态**：所有术语均未标注状态（如“候选”、“已批准”、“待定”），无法在团队协作中有效跟踪术语的采纳与修改流程。
    *   **词性/用法说明**：例如，“陪（陪领导）”的译法 `accompany` 是否需要根据上下文调整（如 `accompany superiors`）？未做说明。
2.  **未体现CAT工作流（TM/TB/QA）的集成应用（KP028）**：作业内容以静态列表和文档形式呈现，未说明如何将这份术语列表导入CAT工具（如Trados、memoQ等）的**术语库（TB）** 中，也未见利用TB进行实时术语提示、或利用**QA检查**功能来强制实施术语一致性的计划。这降低了术语表在实际翻译流程中的效用和效率。
3.  **一致性检查的覆盖范围与执行机制不明确（KP032）**：虽然对部分争议术语制定了规则，但未形成系统性的检查方案。
    *   **检查对象**：作业重点在术语，但对 **KP032** 同样强调的“数字、单位”的一致性未提及。
    *   **检查方法**：是仅依赖译者自觉，还是计划使用CAT工具的QA功能进行自动检查（如术语不一致、数字格式错误）？或是安排专门的人工审校环节？流程缺失。
    *   **专名处理**：对“H市”、“Dajiang District”等地名、人名采用了音译/意译，但未说明其标准化依据（如是否参照官方地名译写规范），也未在表中标注其为“专有名词”，这不利于系统性管理。

### **修改建议**

1.  **按照KP026规范，升级术语表为结构化术语库**：
    *   **设计标准字段**：为每条术语至少增加以下字段：
        *   **上下文/定义**：简要说明或提供原文例句。
        *   **来源**：记录原文位置（如章节号、PDF页码）。
        *   **状态**：添加“状态”列，标注如“已批准”、“待审”、“争议已决”等。
        *   **备注/决策理由**：将现有的“记录争议术语的决策理由”内容精简后，填入相关术语的备注字段。
    *   **示例（以“乡域政治”为例）**：
        | 源语词 | 目标语译法 | 词性 | 定义/上下文 | 来源 | 状态 | 备注 |
        | :--- | :--- | :--- | :--- | :--- | :--- | :--- |
        | 乡域政治 | township-level politics | n. | 指在乡镇层级展开的政治过程与分析范畴。 | Ch.1, P.5 | 已批准 | 主译法。与“village-level politics”对称。避免使用“domain”。 |
        | 擂与媒 | *lei* and *mei* | n. | 方言概念，指代某种地方性互动模式（具体定义待作者后续阐明）。 | Ch.3, P.22 | 待定 | 首次出现需加译者注。暂保留拼音斜体。 |

2.  **将术语库整合到CAT工作流中（KP028）**：
    *   **导入CAT工具**：将完善后的结构化术语表导入CAT工具的术语库模块。
    *   **配置术语识别**：在CAT项目中，确保术语库被正确链接并激活，使译者在翻译时能实时看到术语提示。
    *   **利用QA功能**：在翻译完成后，使用CAT工具的QA检查功能，运行“术语一致性”检查，自动识别并报告所有与术语库不符的译文。

3.  **制定并执行系统化的一致性检查方案（KP032）**：
    *   **扩大检查清单**：在术语之外，明确将以下项目纳入一致性检查范围：
        *   **数字与单位**：如千分位、小数点的格式，计量单位（km vs. 公里）的统一。
        *   **专有名词**：地名、人名、机构名全稿统一。确认“H市”等处理是否符合相关规范。
        *   **格式**：标题层级、字体、特殊标点（如中文引号“”与英文引号“”）的使用。
    *   **明确检查步骤**：
        1.  **译者自检**：利用CAT工具QA功能进行第一轮自动检查。
        2.  **专项审校**：安排专人（或由项目经理）进行以一致性为核心的人工审校，重点核查自动检查可能遗漏的上下文相关术语和复杂专名。
        3.  **终审确认**：在定稿前，进行最终通读，确保所有修改已落实，整体一致。

通过以上改进，您的术语工作将从一份“译法列表”升级为一个可操作、可追踪、能深度融入现代翻译流程的**专业术语管理方案**，从而极大提升最终译文的准确性、一致性和专业度。",,2026-02-23T20:44:32.183474
108,9d1e7339-7eef-4052-9a76-815e5205c335,s4,T4.2,"### **点评**

**优点：**
1.  **结构全面，逻辑清晰：** 风格表覆盖了从宏观定位到微观格式的各个方面，结构层次分明，符合专业出版规范。
2.  **高度协同导向：** 文档明确服务于多译者/编辑协作，通过版本控制、变更流程和优先级规则（如“联动规则”和“工作流联动”），有效体现了 **KP027** 和 **KP047** 的核心要求，能极大减少后期沟通成本和一致性错误。
3.  **规则具体，可操作性强：** 大部分规则（如美式拼写、引号与标点位置、数字用法、em dash格式）定义明确，便于执行和检查，直接服务于 **KP045** 的“风格统一”目标。
4.  **前瞻性风险管控：** 对敏感信息匿名化、引文版权风险、术语争议处理机制均有详细规定，展现了专业的项目管理意识。

**不足与改进点（基于知识点）：**
1.  **图表、公式与排版差异处理缺失：** 风格表完全未涉及 **KP034** 的要求。对于一本学术著作，图表标题翻译、编号与正文引用的一致性、公式符号的格式（如是否斜体）、图表内文字的翻译策略、以及可能的排版差异（如中英文阅读顺序）是确保译稿专业性的关键部分，此处存在明显疏漏。
2.  **部分规则存在内部矛盾或模糊之处：**
    *   **大小写规则（KP045）：** B.2 规定“H City、Dajiang District、Small Town 作为专名统一大写”，但 C.1 又区分“机构专名”和“泛称”。对于“Small Town”这类匿名化地名，其性质是视为固定专名（始终大写）还是可能在某些语境下作为泛称（如“in a small town”）？规则不够清晰，可能导致执行分歧。
    *   **斜体规则（KP045）：** C.2 规定“拼音概念词：lei, mei（首次出现与术语表一致）”，但未明确后续出现时是否仍需斜体。虽在“联动规则”2.2中补充了“后续保持一致”，但在主风格表中应直接写明，如“拼音概念词（如 *lei*, *mei*）全文使用斜体”。
    *   **数字规则（KP045）：** E.1 规定“1–9：正文一般拼写”，但例外中“时间、日期、百分比、统计数据：用数字”可能与之冲突。例如，“在五个村庄中”的“五”是拼写还是用数字？需要更精确的界定或举例。
3.  **修订标记使用规范未明确（KP047）：** 风格表提到了协作和修改流程，但未明确规定在翻译、编辑、校对各环节应如何使用“修订标记”（Track Changes），例如：是否全程开启？不同审校层级使用不同颜色？接受或拒绝修改的权限与流程？这对于高效落实 **KP047** 至关重要。
4.  **部分术语处理策略可更精准：**
    *   B.4 中“隐喻三联”的格式不统一（前两个带引号，第三个是 `taking up a “gun-barrel role”`），虽然可能是原文如此，但在风格表中作为示例，应注明此差异是特例并要求全文严格复制此格式，以避免误解。
    *   G.2 “译者注”的触发条件“易误读隐喻”定义较主观，建议提供更具体的判断标准或示例。

### **修改建议**

1.  **补充“图表、公式与排版”专门章节（对应KP034）：**
    *   在风格表中增加 **K. 图表、公式与特殊排版**。
    *   内容需包括：
        *   **图表标题：** 翻译原则（如直译、意译），格式（如“Figure 1.1: [英文标题]”），编号与正文引用必须严格对应（如“参见图1.1”）。
        *   **图表内容：** 图表内的文字、图例、坐标轴标签必须翻译。若空间有限，可制定缩写或简化策略。
        *   **公式：** 保留原公式编号，变量符号格式（通常斜体）需统一，并确保译文中对公式的描述与引用准确。
        *   **排版习惯：** 注明译稿遵循从左至右的横排阅读顺序，度量单位使用公制（如已规定），若有特殊排版需求（如文本框、边栏）需在此说明处理方式。

2.  **细化并统一现有规则，消除矛盾（对应KP045）：**
    *   **明确匿名化地名的大小写：** 在B.2或C.1中明确规定：所有匿名化地名（H City, Dajiang District, Small Town）在文中**始终**视为专有名词，**首字母大写**，即使出现在泛指语境中（例如：“phenomena common to many small towns across China, but in **Small Town** specifically...”）。
    *   **明确斜体使用范围：** 在C.2中修改为：“拼音概念词（如 *lei*, *mei*）**全文使用斜体**，仅在术语表或索引中可例外。”
    *   **细化数字规则：** 在E.1中补充：“‘一般拼写’规则不适用于包含明确计量或统计意义的数字。例如：‘五个村庄’写为‘five villages’；但‘5个样本村’、‘增长5%’、‘耗时5天’写为‘5 sample villages’, ‘an increase of 5%’, ‘a period of 5 days’。”

3.  **增加“修订与校对标记”章节（对应KP047）：**
    *   在风格表中增加 **L. 修订标记与版本交付**。
    *   内容需包括：
        *   **工具要求：** 所有编辑、校对环节必须在Microsoft Word的“跟踪更改”（Track Changes）功能开启状态下进行。
        *   **颜色规范（建议）：** 译者初稿用黑色；编辑修改用蓝色；审校意见用红色；终校确认用绿色等。或规定所有参与者使用不同颜色并注明。
        *   **批注使用：** 使用“批注”（Comment）功能提出疑问或说明，避免直接修改原文。
        *   **交付物要求：** 提交给下一环节的文档必须是带有完整修订记录的版本，并附上“定稿清洁版”。

4.  **优化术语与格式示例的精确性：**
    *   在B.4“隐喻三联”后增加说明：“**格式注意：** 此三联表述为原文固定搭配，译文中须严格保持其原有引号格式与措辞，不得擅自统一或更改。”
    *   在G.2“译者注”触发条件中，将“易误读隐喻”修改为：“**易误读的文化特定隐喻或概念**（例如‘gun-barrel role’，需结合中国基层政治语境理解）”，并建议在术语决策说明中为这类条目明确标注“需加TN”。

通过以上补充和细化，这份风格表将更加全面、精确、无歧义，能真正成为保障译稿在**风格一致性（KP027, KP045）**、**特殊内容处理规范性（KP034）** 以及**协作修改透明度（KP047）** 方面的核心指导文件。",,2026-02-23T20:48:07.873859
109,9d1e7339-7eef-4052-9a76-815e5205c335,s4,KP027,"score: 0
reason: 学生备注为空，无法评估对知识点的掌握情况。",,2026-02-23T20:48:39.127037
110,9d1e7339-7eef-4052-9a76-815e5205c335,s4,KP045,"score: 0
reason: 学生备注为空，无法评估对知识点 KP045 的掌握情况。",,2026-02-23T20:48:42.386497
111,9d1e7339-7eef-4052-9a76-815e5205c335,s4,KP034,"score: 0
reason: 学生备注为空，无法评估对知识点的掌握情况。",,2026-02-23T20:48:52.833221
112,9d1e7339-7eef-4052-9a76-815e5205c335,s4,KP047,"score: 0
reason: 学生备注为空，无法评估对知识点 KP047 的掌握情况。",,2026-02-23T20:48:58.749345
113,9d1e7339-7eef-4052-9a76-815e5205c335,s5,KP008,"score: 0
reason: 学生备注为空，无法评估对知识点 KP008 的掌握情况。",,2026-02-23T21:04:18.595526
114,9d1e7339-7eef-4052-9a76-815e5205c335,s5,KP031,"score: 0
reason: 学生备注为空，无法评估对知识点 KP031 的掌握情况。",,2026-02-23T21:04:23.271494
115,9d1e7339-7eef-4052-9a76-815e5205c335,s5,KP044,"score: 0
reason: 未提供用户反馈，无法评估掌握度。",,2026-02-23T21:04:26.446617
116,9d1e7339-7eef-4052-9a76-815e5205c335,s5,KP042,"score: 0
reason: 无学生反馈或答题记录可供评估。",,2026-02-23T21:04:29.518705
117,9d1e7339-7eef-4052-9a76-815e5205c335,s5,T5.1,"### 1. 点评

**优点：**
1.  **结构清晰，层次分明：** 作业内容将质量验收过程划分为三个明确的“门”（Gate），对应了项目不同阶段（样章、批次、全书），这体现了对项目进度里程碑（KP008）的深刻理解和应用，为分阶段评审提供了依据。
2.  **指标量化，可操作性强：** 为各项检查点设定了具体的百分比或数量指标（如“≥ 98%”、“0”、“≤ 10条”），这使得质量评估客观、可衡量，符合制定明确质量标准（KP008）和设计QA检查清单（KP042）的核心要求。
3.  **覆盖关键质量维度：** 指标涵盖了术语一致性、重大错漏、格式规范、信息完整性、版权清理（清权）等翻译出版项目的核心质量要素，与KP042（QA检查清单）和KP044（终校与定稿验收）的要求高度契合。

**不足（基于知识点）：**
1.  **缺乏项目章程要素的顶层关联（对应KP008）：** 作业内容是一个优秀的质量指标体系，但未明确其作为“项目章程”一部分的定位。章程应首先界定项目范围、参与角色与职责、总体里程碑等。当前内容更像是附属于章程的“质量验收标准”，未体现章程的纲领性和授权性。
2.  **版本控制要求缺失（对应KP031）：** 全文未提及任何关于文件版本管理的规范。例如，未定义“Glossary v1”如何更新至v2、v3，也未规定译稿、问题单在不同“门”之间的版本命名规则和传递流程。这在多人协作中极易导致文件混乱，不符合KP031的要求。
3.  **终校与定稿验收流程不完整（对应KP044）：** 作业定义了“全书冻结门”的指标，但未描述达到这些指标后，由谁、以何种形式（如签署验收单）完成最终的“定稿验收”。缺少正式的验收确认环节，无法形成项目闭环，也无法明确责任转移，不符合KP044关于签署验收单、确认符合版权保密要求的规定。
4.  **QA检查清单的设计与使用未明确（对应KP042）：** 作业列出了检查项，但未说明这些指标如何被具体应用。是作为审校者的检查表逐项打勾？还是作为项目经理的抽检依据？清单的使用者、使用时机、记录方式均未定义，降低了其系统化审查的可操作性。

### 2. 修改建议

1.  **嵌入完整的项目章程框架（针对KP008）：**
    *   在现有质量指标前，增加项目章程的核心要素。例如：
        *   **项目范围：** 明确翻译的书籍名称、源语言与目标语言、总字数、交付物（如译稿、术语表、译者注汇编等）。
        *   **参与角色与职责：** 定义项目经理、译者、审校、终校员、质量专员等角色的具体职责，特别是谁负责制定和评审这些“质量门”指标。
        *   **进度里程碑：** 将Gate-1,2,3与具体的时间节点关联（如：Gate-1样章评审完成于T+2周）。
        *   **风险管控：** 简要识别主要风险（如术语争议、版权许可延迟）及应对策略。
    *   **修改后表述示例：** “根据本项目章程，为确保译稿质量，特设立以下三级质量门控体系，作为各阶段交付物验收的核心标准：……”

2.  **补充版本控制规范（针对KP031）：**
    *   在章程或配套的《项目执行手册》中增加版本控制条款。
    *   **具体措施：**
        *   规定所有项目文件（译稿、术语表、问题单、样式指南）必须使用统一的版本命名规则，如 `[文件名]_[日期]_[版本号]_[责任人 initials].docx`（例：`Chapter01_20231027_v2.1_审校_ZH.docx`）。
        *   明确术语表（Glossary）的更新流程：任何更新必须生成新版本（如v1.1），并记录变更日志（日期、修改内容、修改人、批准人）。
        *   规定交付给下一“门”或下一角色的必须是明确的版本号文件。

3.  **完善终校与定稿验收流程（针对KP044）：**
    *   在“Gate-3（全书冻结门）”之后，明确增加“定稿验收（Final Verification）”步骤。
    *   **具体措施：**
        *   描述流程：当全书稿满足Gate-3所有指标后，由终校员提交《终校报告》和最终译稿包给项目经理或指定验收人。
        *   验收人根据QA清单进行最终核查，确认无误后，签署《定稿验收单》。
        *   《定稿验收单》应包含项目信息、验收结论、验收日期，并特别声明“本译稿已符合所有质量要求，且已妥善处理版权与保密相关事宜”，由验收方与承接方共同签署。

4.  **明确QA检查清单的使用方法（针对KP042）：**
    *   将现有的质量门指标表格化、清单化，形成正式的《QA检查清单》。
    *   **具体措施：**
        *   为每个“门”设计对应的检查清单，包含“检查项”、“标准/要求”、“检查结果（是/否/备注）”、“检查人”、“日期”等列。
        *   在章程或工作说明中规定：审校员在完成每个批次（Gate-2）时必须填写该清单；终校员（Gate-3）和验收人（Final Verification）也需使用相应的最终版清单。
        *   确保清单作为关键过程记录存档，实现质量审查的“有迹可循”。",,2026-02-23T21:04:33.406655
118,9d1e7339-7eef-4052-9a76-815e5205c335,s5,T5.2,"### **点评**

**优点：**

1.  **CAT工作流（TM/TB/QA）应用扎实**：作业内容体现了对CAT工具核心组件的良好理解。建立了明确的“风格表”和“术语表”，并以此作为质量评审的依据，有效保证了术语（如“banquet politics”、“township-level politics”）和风格（如译者注策略、匿名化规则）的一致性。QA报告结构清晰，检查项（术语一致性、风格合规、脚注核对等）设计合理。
2.  **版本控制与变更记录意识明确**：项目阶段（M1, M2）、版本号（v1.0）、变更流程的建立，以及“争议项决策说明”的定稿，都体现了规范的版本管理思维，确保了工作流程的可追溯性和决策的透明度。
3.  **QA检查清单设计与使用系统化**：提交的“质量门报告（Gate-1）”本身就是一个高度结构化的QA检查清单。它不仅列出了检查项目，还给出了具体的评审方法和结论，并附有详细的“行动清单与关闭标准”，是系统化质量控制的优秀实践。
4.  **终校与定稿验收流程严谨**：设置了明确的“Gate-1”验收节点，并提出了“条件式通过”的结论，体现了严格的终校标准。对未完成项（脚注核对）的清晰界定和关闭要求，确保了定稿前的所有质量问题都能得到闭环处理。
5.  **AI使用可追溯记录意识初显**：在“风险清单”中提到了“语体偏移风险”及应对措施，这涉及到对文本风格一致性的监控。虽然未明确提及使用了AI工具进行风格检查或生成，但这种对“输出”质量模式的关注，为引入AI辅助QA并记录其作用奠定了基础。

**不足与改进点（基于知识点）：**

1.  **KP064 AI使用可追溯记录 应用缺失**：在整个作业报告和计划中，**完全没有提及是否及如何使用了AI工具（如大语言模型进行译稿生成、术语提取、风格检查、QA辅助等）**。没有关于使用何种AI工具、在哪些环节使用、使用了哪些Prompt、AI输出了什么、人工如何采纳或修改的记录。这使得翻译过程在“AI辅助”层面缺乏透明度和可审计性。
2.  **KP063 AI输出的事实核查与引用责任 覆盖不足**：QA报告重点关注了术语、风格、格式等，但对于译文中可能涉及的**事实性内容**（如历史背景、制度描述、学术概念引用）以及**引用的准确性**，其核查机制主要依赖于“人工复核”和后续的“引用核对清单”。未明确说明是否利用AI进行过事实查证辅助，以及如何对AI可能提供的错误参考信息进行责任隔离和人工验证。
3.  **KP029 机器翻译与后编辑（MTPE）边界 策略模糊**：项目文档未清晰说明初始译文的产生方式。是纯人工翻译、机器翻译+后编辑（MTPE），还是交互式翻译？不同的方式对应不同的质量管控重点。如果是MTPE，未定义后编辑的深度（轻度PE仅改错，重度PE近乎重写），这会影响对“风格合规”、“语体”等检查项的标准设定和资源分配。
4.  **KP042 QA检查清单 可进一步细化**：现有的QA清单很棒，但可以更全面。例如，可以增加针对 **“MTPE典型错误”** 的检查项（如机器翻译导致的“翻译腔”、文化误译、代词指代错误），以及针对 **“数字、日期、专有名称”** 的专项检查栏。这能使QA过程更高效，减少人为遗漏。
5.  **KP031 版本控制 可工具化/更细化**：目前依赖文档命名和阶段划分。建议考虑使用更专业的版本管理工具（如Git，配合`.gitignore`过滤中间文件），或至少建立统一的文件命名规范（如`项目名_章节_译者_日期_版本号.扩展名`）。对于“变更记录”，不仅记录版本号，还可以在关键版本提交时，用简短的变更日志（Changelog）说明主要修改内容。

### **修改建议**

1.  **立即建立AI使用日志**：在项目协作空间（如Notion、Confluence或共享表格）中创建“AI使用记录表”。表格应包含：**日期、使用环节（如术语提取、草稿生成、风格润色、QA检查）、使用的AI工具/平台、输入的Prompt（关键部分）、AI原始输出摘要、人工采纳/修改情况、备注**。要求所有参与译、校、审的成员在使用AI辅助时即时填写。
2.  **在QA清单中强化事实与引用核查**：
    *   在现有QA报告中，**新增一个检查项：“事实与引用准确性”**。子项可包括：专有名词（人名、地名、机构名）准确性、历史/事件描述无误、数据/日期正确、所有引文（包括间接引用）均可在核对清单中找到对应来源。
    *   明确制定规则：**禁止直接使用AI生成的事实性或引用性内容作为最终答案**。AI提供的相关信息仅可作为线索，必须通过权威资料（原书、学术数据库、官方文件）进行二次核实。在“AI使用记录表”的“备注”栏，要求记录对AI提供信息的核实过程和结果。
3.  **明确并文档化MTPE策略**：
    *   在项目启动文档或风格指南中，**明确初始译文的生产方式**。例如：“本项目采用‘交互式翻译’为主，译者使用CAT工具结合机器翻译建议进行翻译，并进行深度后编辑（Full PE），确保译文符合学术文本风格与准确性要求。”
    *   根据确定的MTPE深度，**在QA检查清单中增加对应的典型问题检查点**（如针对轻度PE检查基本错误，针对重度PE检查语言地道性和学术严谨性）。
4.  **优化与扩展QA检查清单**：
    *   在现有的Gate报告模板中，**增加一个“专项检查”部分**，可包含：
        *   **数字与格式**：所有数字、日期、百分比格式一致且正确；计量单位转换准确。
        *   **MTPE遗留问题**：检查是否有生硬的直译、代词（it/this/they）指代是否清晰、长句逻辑是否连贯。
        *   **标点与空格**：中英文标点使用正确，单词间空格规范。
    *   为审校人员提供可勾选的清单表格，确保每项都被逐一检查。
5.  **细化版本管理实践**：
    *   **文件命名规范化**：例如，`TownshipPolitics_Ch01_Translator_20240222_v2_Reviewed.docx`。
    *   **关键版本提交日志**：在完成M1风格冻结、M2样章修订等重要里程碑时，不仅存档文件，同时提交一个简短的`CHANGELOG.txt`，列出相对于上一版本的主要变更（如：“根据评审意见，统一‘乡域政治’译为‘township-level politics’；增加了译者注TN2；修正了第三章所有日期格式。”）。
    *   **考虑工具辅助**：对于熟悉技术的团队，可以建立Git仓库来管理源文件、术语表和风格指南，利用提交信息（Commit Message）自然记录变更。

通过实施以上建议，您的翻译项目管理将更加符合现代出版实训的严格要求，特别是在AI工具日益普及的背景下，确保流程的**专业性、可追溯性和最终稿件的最高质量**。",,2026-02-23T21:22:09.656872
119,9d1e7339-7eef-4052-9a76-815e5205c335,s5,KP028,"score: 0
reason: 学生备注为空，无法评估对知识点 KP028 的掌握情况。",,2026-02-23T21:22:18.835193
120,9d1e7339-7eef-4052-9a76-815e5205c335,s5,KP029,"score: 0
reason: 学生备注为空，无法评估对知识点的掌握情况。",,2026-02-23T21:22:22.397266
121,9d1e7339-7eef-4052-9a76-815e5205c335,s5,KP031,"score: 0
reason: 学生备注为空，无法评估对知识点 KP031 的掌握情况。",,2026-02-23T21:22:26.471908
122,9d1e7339-7eef-4052-9a76-815e5205c335,s5,KP042,"score: 0
reason: 学生备注为空，无法评估对知识点 KP042 的掌握情况。",,2026-02-23T21:22:29.495534
123,9d1e7339-7eef-4052-9a76-815e5205c335,s5,KP044,"score: 0
reason: 学生未提供任何与知识点 KP044 相关的反馈或回答，无法评估其掌握程度。",,2026-02-23T21:22:32.392966
124,9d1e7339-7eef-4052-9a76-815e5205c335,s5,KP063,"score: 0
reason: 学生未提供任何与知识点 KP063相关的反馈或回答，无法评估其掌握程度。",,2026-02-23T21:22:35.505698
125,9d1e7339-7eef-4052-9a76-815e5205c335,s5,KP064,"score: 0
reason: 学生备注为空，无法评估对知识点 KP064 的掌握情况。",,2026-02-23T21:22:38.268821
126,9d1e7339-7eef-4052-9a76-815e5205c335,s6,KP039,"score: 0
reason: 学生备注为空，无法评估对知识点 KP039 的掌握情况。",,2026-02-23T21:25:39.319817
127,9d1e7339-7eef-4052-9a76-815e5205c335,s6,KP047,"score: 0
reason: 学生备注为空，无法评估对知识点 KP047 的掌握情况。",,2026-02-23T21:26:20.898071
128,9d1e7339-7eef-4052-9a76-815e5205c335,s6,KP032,"score: 0
reason: 学生备注为空，无法评估对知识点 KP032 的掌握情况。",,2026-02-23T21:26:26.575469
129,9d1e7339-7eef-4052-9a76-815e5205c335,s6,T6.1,"### **1. 点评**

**优点：**
*   **整体质量高：** 译文语言流畅、准确，学术叙事风格稳定，成功地将中文语境下的田野调查和政治观察转化为可读性强的英文文本。
*   **术语与一致性处理得当 (KP032)：** 对“区委书记 (Party secretary)”、“陪 (accompany)”、“接待 (receive)”等关键政治和场景术语的翻译保持了高度统一。专有名词（如人名、地名、著作名）的格式规范。
*   **风格统一性良好 (KP045)：** 全文采用了规范的美式拼写（如“valorized”）和标点（如双引号为主），风格一致，符合国际学术出版物的主流规范。
*   **可读性与读者适配度佳 (KP046)：** 句子长度和结构富有变化，词汇选择在学术性与叙事性之间取得了良好平衡。通过译者注（TN）妥善处理了文化特定概念（如“lei/mei”、“舌/笔/枪”），既保证了文本流畅，又为目标读者（对中国研究感兴趣的学术界及普通读者）提供了必要的文化背景。
*   **修订记录清晰 (KP047)：** 提供的“润色记录”清晰地展示了从初稿到终稿的优化路径，修改类型（如句式压缩、逻辑衔接、搭配地道化）明确，体现了专业的编辑思维。

**不足与待改进之处：**
*   **Copyediting 与 Proofreading 环节混淆 (KP039)：** 作业内容呈现的是典型的 **Copyediting（文字编辑）** 成果，即对语言、逻辑、风格和一致性进行的深度编辑和润色。然而，在“记录主要修改类型”中，部分描述（如“信息重复削减”、“逻辑衔接更清晰”）更属于Copyediting范畴，而“术语稳定性确认”则横跨两个环节。作业未能清晰区分当前阶段（排版前的深度编辑）与下一个阶段（排版后的最终校对）的不同任务和目标。Proofreading 应专注于排版引入的新错误（如格式错乱、字体不一、页码错误、因排版导致的断词或遗漏），而非当前的语义和风格优化。
*   **个别逻辑衔接可进一步强化 (KP046)：** 在描述选择“小镇”的原因时，第二个原因内部逻辑跳跃稍显突然。从“选择一个比双村区域更发达、处于全国中等发展水平的乡镇”直接跳到与双村研究的对比（“If, through my study of Shuang Village…”），中间的转折可以更平滑，让读者更清晰地理解两个研究地点之间的对比关系和研究设计的演进。
*   **部分文化负载词可增加细微解释 (KP046)：** 对于“把胃交给党”这样的政治民谚，虽然上下文已能传达其大意（基层干部需要大量饮酒），但对于不熟悉中国政治文化的目标读者而言，其讽刺意味和背后的体制文化压力可能未被完全捕捉。当前的翻译（“hand your stomach over to the Party”）是准确的直译，但冲击力和深层含义的传递尚有提升空间。
*   **一致性检查可更系统 (KP032)：** 润色记录显示了对“banquet politics”等术语的确认，但未提及对全文中**数字格式**（如日期“March 11, 2003”是否全文统一）、**单位**（如“十公里”译为“ten kilometers”）是否统一等细节的系统性检查。这些是Copyediting和Proofreading都需要关注的重点。

### **2. 修改建议**

1.  **明确工作环节定义 (KP039)：**
    *   在提交或描述此作业时，应明确将其定位为 **“Copyediting（文字编辑）完成稿”** 。可以补充说明：“本稿已完成深度文字编辑，建议下一环节进行排版，排版后需进行Proofreading（校对），以检查排版可能引入的格式、页码、文字遗漏等新错误。”
    *   将“润色记录”的名称改为 **“Copyediting 主要修订摘要”** ，使其与工作性质更匹配。

2.  **优化逻辑衔接与可读性 (KP046)：**
    *   针对第二个研究地点选择的逻辑，建议微调句子，增加一个简短的过渡词或短语，使对比更清晰：
    *   **原句:** “Second, after finishing a panoramic examination of Shuang Village… I wanted to… choose a township… as my new object of study. If, through my study of Shuang Village, what I sought to articulate was…”
    *   **修改建议:** “Second, after finishing a panoramic examination of Shuang Village… I wanted to shift my focus and choose a more developed township… as my new object of study. **This shift in focus meant that,** if my study of Shuang Village sought to articulate…, then with this new site I hoped to develop…”

3.  **深化文化负载词的处理 (KP046)：**
    *   对于“把胃交给党”，可以在不破坏行文流畅的前提下，考虑增加一个非常简短的同位语或插入语，以强化其讽刺含义。
    *   **原句:** “It seemed that the political folk sayings ‘tested by alcohol’ and ‘hand your stomach over to the Party’ were hardly just idle jokes...”
    *   **修改建议:** “It seemed that the political folk sayings ‘tested by alcohol’ and ‘hand your stomach over to the Party’ **—a phrase vividly capturing the physical toll of obligatory socializing—** were hardly just idle jokes...”
    *   *（注：此修改为可选的高级润色，取决于作者和编辑对译文解释度的共同把握。）*

4.  **系统化一致性检查清单 (KP032)：**
    *   建议在Copyediting环节收尾时，使用一份**一致性检查清单**进行最终核查，确保以下项目全文统一：
        *   **术语:** 如“ fieldwork ”与“ field study ”的使用是否统一。
        *   **专有名词:** 人名、地名、机构名、书名（如 Su Li 1998, Zhao Shukai 2006）的格式。
        *   **数字与日期:** 格式（如 10 kilometers 或 ten kilometers），日期（March 11, 2003）。
        *   **单位:** 全部使用公制单位（kilometers, square meters）。
        *   **参考文献标注:** 文内引用格式（如 (1), [2], [4]）和文末注释格式是否规范统一。

**总结：** 这是一份出色的Copyediting成果，展现了专业的翻译和编辑水准。主要提升空间在于更精准地定义工作阶段，并在逻辑流畅度、文化深度传递和系统性检查方面做更精细的打磨。请根据上述建议进行微调，并准备好进入下一生产流程（排版及随后的Proofreading）。",,2026-02-23T21:26:47.016950
130,9d1e7339-7eef-4052-9a76-815e5205c335,s6,KP059,"score: 0
reason: 学生反馈中未提及任何与知识点 KP059相关的具体内容或理解，无法评估掌握程度。",,2026-02-23T21:29:31.748338
131,9d1e7339-7eef-4052-9a76-815e5205c335,s6,KP060,"score: 0
reason: 学生备注为空，无法评估对知识点 KP060 的掌握情况。",,2026-02-23T21:29:35.600004
132,9d1e7339-7eef-4052-9a76-815e5205c335,s6,KP061,"score: 0
reason: 学生备注为空，无法评估对知识点 KP061 的掌握情况。",,2026-02-23T21:29:38.331695
133,9d1e7339-7eef-4052-9a76-815e5205c335,s6,KP062,"score: 0
reason: 学生备注为空，无法评估对知识点的掌握情况。",,2026-02-23T21:29:41.905512
134,9d1e7339-7eef-4052-9a76-815e5205c335,s6,KP063,"score: 0
reason: 学生备注为空，无法评估对知识点的掌握情况。",,2026-02-23T21:29:44.578161
135,9d1e7339-7eef-4052-9a76-815e5205c335,s6,KP064,"score: 0
reason: 学生备注为空，无法评估对知识点 KP064 的掌握情况。",,2026-02-23T21:29:49.284689
136,9d1e7339-7eef-4052-9a76-815e5205c335,s6,KP068,"score: 0
reason: 学生备注为空，无法评估对知识点的掌握情况。",,2026-02-23T21:29:52.211656
137,9d1e7339-7eef-4052-9a76-815e5205c335,s6,T6.2,"### **点评**

**优点：**
1.  **责任归属明确**：两个版本的披露声明都清晰、有力地强调了人类译者的核心责任（“译者承担全部责任”），完全符合 **KP059**（AI不得替代核心责任）和 **KP060**（AI不能署名）的要求。
2.  **披露内容详实**：版本B对AI的使用范围（句式润色、风格检查、术语比对）和人工介入程度（逐段审校、加入译者注）描述具体，为读者和出版社提供了充分的透明度，符合 **KP068**（出版材料中的AI披露写法）的精神。
3.  **风险意识全面**：作业中的“风险识别”部分系统性地涵盖了从准确性、术语一致性到保密、版权等关键问题，显示出对 **KP061**（AI与保密）、**KP062**（AI工具的IP/数据安全评估）和 **KP063**（AI输出的事实核查与引用责任）等知识点的深刻理解。
4.  **流程设计严谨**：提出的整改与控制措施（如强制词库、滚动抽检、输入最小化、建立素材台账）具有很强的可操作性，旨在构建一个受控、可追溯的AI辅助翻译流程。

**不足与改进点（基于知识点）：**
1.  **保密与数据安全措施不够具体（对应KP061， KP062）**：
    *   **不足**：在“概述AI工具用途”部分，虽然提到了“不记录具体原文全文以降低泄露风险”，但未明确说明使用的是**何种AI工具**（如ChatGPT的哪个版本/API，或本地部署模型），以及**具体的数据处理方式**（如是否使用具有数据隐私承诺的企业版API、是否在本地或私有云环境运行）。这不符合**KP062**要求的对工具IP/数据安全性的评估与选择。
    *   **不足**：“输入最小化与脱敏”措施中提到“去标识化”，但未说明具体脱敏标准和方法，可执行性有待加强。
2.  **事实核查与引用责任流程未显性化（对应KP063）**：
    *   **不足**：在“AI工具用途”中，AI参与了“评审意见生成”和“修订稿生成”，这可能涉及对原文事实和引用的理解。但整个作业未明确说明译者**如何**对AI在这些环节中可能产生的关于事实、引文或专业内容的错误进行**系统性的独立核查**。这存在将核查责任模糊化的风险。
3.  **可追溯记录（Prompt/Output日志）的实践方案缺失（对应KP064）**：
    *   **不足**：作业提出了“前后对照记录”，但这主要记录的是最终润色改动点。**KP064**强调需要对AI使用过程本身进行记录，包括具体的Prompt（提示词）和AI的原始Output（输出）。作业中缺乏建立此类日志的制度化描述，例如：使用什么工具（Notion， 本地文档）记录？记录哪些关键交互？这不利于过程审计和效果复盘。
4.  **披露声明可进一步优化（对应KP068）**：
    *   **不足**：版本A和B均未提及**所使用的具体AI工具名称**（如ChatGPT-4， DeepL Write等）。虽然作业末尾提到可补充，但作为标准披露的一部分，工具名称是体现透明度和满足某些出版社政策要求的关键信息，应直接纳入主声明。
    *   **不足**：披露声明中未提及**已对AI工具的数据安全条款进行评估**或**未将敏感稿件上传至公开模型**的承诺。加入此类表述能进一步安抚出版社对保密性的担忧。

### **修改建议**

1.  **细化数据安全与保密操作（强化KP061， KP062实践）**：
    *   在“整改与控制措施”的“输入最小化与脱敏”条下，增加具体说明：“**使用OpenAI的企业版API（或同等具有明确数据不用于训练承诺的服务）**，并严格遵循其安全指南。脱敏操作遵循项目《敏感信息处理清单》，对涉及个人、地点、未公开数据等的字段进行统一替换（如‘某省A市’替换为‘[省份] [城市]’）后再进行AI辅助处理。”
    *   在“概述AI工具用途”开头，增加一段“**工具选用与数据承诺**”说明：“本项目选用的AI工具为[例如：OpenAI ChatGPT-4 via Enterprise API]，已审阅其服务条款，确认其承诺用户输入输出不用于模型训练，并已启用隐私设置。所有AI交互均在确保此数据安全前提下进行。”

2.  **明确事实核查与引用验证流程（落实KP063）**：
    *   在“整改与控制措施”中，增加一条“**事实与引文独立验证闭环**”：“对于AI在评审或修订建议中涉及的所有事实陈述、数据、文献引用，译者必须**脱离AI环境**，依据原文及可靠来源进行独立核对与验证。此过程需在‘质量抽检报告’中作为专项记录。”
    *   在“AI工具用途”的“评审意见生成”和“修订稿生成”环节描述中，补充强调：“AI生成的有关事实与引文的建议，必须经过译者依据原始资料的独立验证后方可采纳。”

3.  **建立系统化的AI使用日志（落实KP064）**：
    *   在“整改与控制措施”中，增加一条“**AI交互日志管理**”：“为所有关键的AI辅助环节（特别是初译生成、评审意见生成、争议术语处理）建立日志。日志需记录：**日期、使用目的、输入给AI的提示词（Prompt）概要、AI的原始输出（Output）摘要、译者最终采纳与否的决定及理由**。日志以项目专用文档管理，供内部质量审查和复盘使用。”
    *   在“概述AI工具用途”的每个环节后，可标注“（该环节的Prompt/Output日志索引号：[编号]）”，以体现可追溯性。

4.  **优化最终披露声明文本（完善KP068）**：
    *   建议采用融合版本B并升级的表述，例如：
    > **翻译与AI使用说明**
    > 本书英文译本在翻译与编辑过程中，译者使用了生成式人工智能工具（具体为OpenAI的ChatGPT-4 via Enterprise API）辅助进行句式润色、风格一致性检查与术语候选比对。译者已确认所用工具的数据处理条款符合本项目保密要求，未将完整原稿或敏感段落上传至公开模型。
    > AI工具仅作为辅助工具，未被视作作者或共同译者。所有译法选择、事实与引文核对、文化负载词处理，以及最终文本的学术准确性与整体责任，均由译者独立承担。译者已对AI辅助生成的内容进行了逐段审校、验证与必要修订，并在关键处增加了译者注。
    > *（可根据出版社要求，在此附上术语表或风格说明文件索引）*

通过以上修改，作业将从优秀的“风险识别与框架设计”层面，进一步提升到“具备完整、可审计、细节饱满的最佳实践方案”层面，全面覆盖并扎实回应所有相关知识点要求。",,2026-02-23T21:30:28.035291
138,9d1e7339-7eef-4052-9a76-815e5205c335,s7,KP040,"score: 0
reason: 学生备注为空，无法评估对知识点 KP040 的掌握情况。",,2026-02-23T21:39:55.791483
139,9d1e7339-7eef-4052-9a76-815e5205c335,s7,KP041,"score: 0
reason: 学生备注为空，无法评估对知识点的掌握情况。",,2026-02-23T21:40:00.023101
140,9d1e7339-7eef-4052-9a76-815e5205c335,s7,KP043,"score: 0
reason: 学生备注为空，无法评估对知识点 KP043 的掌握情况。",,2026-02-23T21:40:05.522962
141,9d1e7339-7eef-4052-9a76-815e5205c335,s7,KP042,"score: 0
reason: 学生备注为空，无法评估对知识点 KP042 的掌握情况。",,2026-02-23T21:40:08.928383
142,9d1e7339-7eef-4052-9a76-815e5205c335,s7,KP030,"score: 0
reason: 学生备注为空，无法评估对知识点 KP030 的掌握情况。",,2026-02-23T21:40:11.899215
143,9d1e7339-7eef-4052-9a76-815e5205c335,s7,T7.1,"### **点评**

**优点：**
1.  **结构清晰，分类明确**：作业严格按照初审、复审、终审三个阶段记录问题，并聚焦于不同层面的问题（如格式/语法、术语/一致性、整体规范），这体现了对审校流程的阶段性理解，符合出版审校工作的基本逻辑。
2.  **问题定位具体，分析细致**：对大部分问题的描述都非常具体（如精确到标点、单词、句子结构），并提供了清晰的修改建议和备选方案。例如，对破折号空格、语法连接问题的分析，展现了细致的文本分析能力。
3.  **初步具备角色边界意识**：在复审记录中，能区分“语法硬伤”和“可读性歧义点”、“风格层面的建议”，并指出后者“可不作为硬性错误处理”，这隐约触及了**KP041（专家审阅与母语审校的角色边界）** 中关于“内容把关”与“语言润色”的区分。对术语一致性的关注也符合**KP042（QA检查清单）** 的精神。

**不足（基于知识点）：**
1.  **缺乏明确的审校角色与流程界定（对应KP040, KP041）**：作业内容本身是一份审校记录，但未说明这是“同伴互审”、“专家审阅”还是“母语审校”的结果。记录中混杂了格式、语法、术语、风格、指代清晰度、引用规范等多种问题，未能清晰体现**KP041**强调的“角色边界”。例如，复审中关于“people”指代宽泛、“Impressive capacity”语义模糊的建议，更偏向母语审校（语言地道性）的职责；而术语统一、引用格式核对则可能涉及专家或编辑的职责。作业未体现这些意见来自何种审校者，以及译者应如何分类回应。
2.  **审校意见未分类、未记录译者回应（对应KP043）**：作业仅列出了“发现的问题”和“修改建议”，完全缺失了**KP043（审校意见分类、回应与记录）** 的核心环节。没有对意见进行分类（如：必须修改的错误、建议性修改、存疑待定），更没有展示译者对这些意见的“采纳/不采纳”决定及理由。这不符合出版实训中完整的审校闭环管理要求。
3.  **未体现系统化的QA检查过程（对应KP042）**：虽然记录的问题涉及QA清单的常见项目（格式、术语、一致性），但作业呈现方式是随机的、问题驱动的，而非系统性的、清单驱动的。没有显示出使用了预先设计的、涵盖**KP030（双语对齐与漏译检测）** 等项目在内的QA检查清单进行逐项核验的过程。例如，未提及是否通过双语对齐检查了漏译，也未说明术语检查是否依据了既定的术语表。
4.  **关键知识点应用缺失（对应KP030）**：整份作业完全没有涉及**KP030（双语对齐与漏译检测）**。这是确保译文完整性的基础步骤，但在初审、复审、终审记录中均未提及是否执行了原文与译文的对齐检查，也未报告任何关于漏译、错译（非语法层面）或段落对应关系的问题。

### **修改建议**

1.  **明确审校背景与角色**：
    *   在作业开头或每个审校阶段前，明确说明本阶段审校的性质。例如：“【同伴互审记录】”、“【学科专家审阅意见】”、“【母语审校反馈】”。这能立刻体现你对**KP040**和**KP041**的理解。
    *   根据角色调整问题描述的侧重点。如果是“母语审校”，应聚焦于语言流畅度、搭配地道性（如“on first meeting”）；如果是“专家审阅”，应聚焦于术语准确性、内容逻辑。

2.  **构建完整的审校意见记录表**：
    *   设计一个表格，包含以下列：**序号**、**原文位置**、**问题描述**、**问题分类**（参考**KP043**，如：拼写/语法错误、术语不一致、风格建议、格式问题、存疑）、**修改建议**、**译者回应**（采纳/部分采纳/不采纳）、**回应理由**、**最终处理结果**。
    *   将现有作业内容填入“问题描述”和“修改建议”列，然后补充其他列。例如，对于“破折号后空格”问题，分类为“格式问题”；对于“people指代宽”问题，分类为“风格/清晰度建议”。然后模拟译者角色，写出回应。

3.  **补充QA检查清单及执行说明**：
    *   设计一份简化的QA检查清单，至少包含：术语一致性、数字与专有名词、格式规范（标点、空格）、双语对齐与漏译检查、政治敏感词、引用格式等。
    *   在提交作业时，说明：“本审校基于以下QA清单逐项完成”，并附上清单。在具体问题记录中，可以标注“该问题通过QA清单第X项（术语一致性）发现”。

4.  **增加双语对齐与漏译检查环节**：
    *   在“初审”或一个独立的“基础核查”阶段，明确加入一项：“已完成原文与译文的段落级双语对齐，未发现漏译或重大错译。以下问题为对齐后细读发现。” 如果确实有漏译发现，应作为最高优先级问题记录。
    *   可以简要说明使用的对齐方法（如使用Trados、memoQ等工具的对齐功能，或人工分段对照）。

**修改后作业结构示例：**
*   **第一部分：审校说明** (说明审校者角色、使用的QA清单、是否完成双语对齐)
*   **第二部分：审校意见记录表** (包含分类、回应等完整列)
*   **第三部分：总结与遗留问题** (概述主要问题类型、待决事项)

通过以上改进，你的作业将不仅能展示你发现了哪些问题，更能系统性地展示你**如何运用出版审校的标准流程和方法（KP040-KP043, KP030）** 来发现、归类、处理和记录这些问题，从而符合一位“严格的国际出版实训导师”的考核要求。",,2026-02-23T21:40:48.943637
144,9d1e7339-7eef-4052-9a76-815e5205c335,s7,KP044,"score: 0
reason: 学生未提供任何与知识点 KP044 相关的反馈或回答，无法评估其掌握程度。",,2026-02-23T21:42:07.411877
145,9d1e7339-7eef-4052-9a76-815e5205c335,s7,KP042,"score: 0
reason: 学生备注为空，无法评估对知识点 KP042 的掌握情况。",,2026-02-23T21:42:10.997213
146,9d1e7339-7eef-4052-9a76-815e5205c335,s7,KP037,"score: 0
reason: 学生备注为空，无法评估对知识点 KP037 的掌握情况。",,2026-02-23T21:42:15.710383
147,9d1e7339-7eef-4052-9a76-815e5205c335,s7,KP038,"score: 0
reason: 未提供用户反馈，无法评估掌握度。",,2026-02-23T21:42:19.601185
148,9d1e7339-7eef-4052-9a76-815e5205c335,s7,KP020,"score: 0
reason: 无学生反馈或答案可供评估。",,2026-02-23T21:42:22.266987
149,9d1e7339-7eef-4052-9a76-815e5205c335,s8,KP050,"score: 0
reason: 学生未提供任何与知识点 KP050相关的反馈或回答，无法评估其掌握程度。",,2026-02-23T22:01:02.496855
150,9d1e7339-7eef-4052-9a76-815e5205c335,s8,KP051,"score: 0
reason: 无学生反馈或答案可供评估。",,2026-02-23T22:01:06.178725
151,9d1e7339-7eef-4052-9a76-815e5205c335,s8,KP052,"score: 0
reason: 学生备注为空，无法评估对知识点的掌握情况。",,2026-02-23T22:01:09.348108
152,9d1e7339-7eef-4052-9a76-815e5205c335,s8,KP057,"score: 0
reason: 学生备注为空，无法评估对知识点的掌握情况。",,2026-02-23T22:01:12.503120
153,9d1e7339-7eef-4052-9a76-815e5205c335,s8,KP011,"score: 0
reason: 学生备注为空，无法评估对知识点的掌握情况。",,2026-02-23T22:01:15.631878
154,9d1e7339-7eef-4052-9a76-815e5205c335,s8,KP015,"score: 0
reason: 学生备注为空，无法评估对知识点 KP015 的掌握情况。",,2026-02-23T22:01:18.724732
155,9d1e7339-7eef-4052-9a76-815e5205c335,s8,KP059,"score: 0
reason: 学生备注为空，无法评估对知识点 KP059 的掌握情况。",,2026-02-23T22:01:22.826629
156,9d1e7339-7eef-4052-9a76-815e5205c335,s8,KP060,"score: 0
reason: 学生备注为空，无法评估对知识点 KP060 的掌握情况。",,2026-02-23T22:01:26.272098
157,9d1e7339-7eef-4052-9a76-815e5205c335,s8,KP061,"score: 0
reason: 学生备注为空，无法评估对知识点的掌握情况。",,2026-02-23T22:01:28.974653
158,9d1e7339-7eef-4052-9a76-815e5205c335,s8,KP068,"score: 0
reason: 未提供学生反馈或答题表现，无法评估掌握度。",,2026-02-23T22:01:32.525900
159,9d1e7339-7eef-4052-9a76-815e5205c335,s9,KP056,"score: 0
reason: 学生备注为空，无法评估对知识点的掌握情况。",,2026-02-23T22:26:43.006094
160,9d1e7339-7eef-4052-9a76-815e5205c335,s9,KP058,"score: 0
reason: 学生备注为空，无法评估对知识点的掌握情况。",,2026-02-23T22:26:46.455289
161,9d1e7339-7eef-4052-9a76-815e5205c335,s9,KP043,"score: 0
reason: 学生备注为空，无法评估对知识点 KP043 的掌握情况。",,2026-02-23T22:26:50.459944
162,9d1e7339-7eef-4052-9a76-815e5205c335,s9,KP031,"score: 0
reason: 学生备注为空，无法评估对知识点 KP031 的掌握情况。",,2026-02-23T22:26:54.742892
163,9d1e7339-7eef-4052-9a76-815e5205c335,s9,KP064,"score: 0
reason: 学生备注为空，无法评估对知识点 KP064 的掌握情况。",,2026-02-23T22:26:58.411493
164,9d1e7339-7eef-4052-9a76-815e5205c335,s9,KP067,"score: 0
reason: 学生备注为空，无法评估对知识点的掌握情况。",,2026-02-23T22:27:02.300253
165,9d1e7339-7eef-4052-9a76-815e5205c335,s9,KP044,"score: 0
reason: 学生未提供任何与知识点 KP044 相关的反馈或回答，无法评估其掌握程度。",,2026-02-23T22:27:06.481074
166,9d1e7339-7eef-4052-9a76-815e5205c335,s9,KP056,"score: 0
reason: 学生备注为空，无法评估对知识点的掌握情况。",,2026-02-23T22:34:21.102738
167,9d1e7339-7eef-4052-9a76-815e5205c335,s9,KP058,"score: 0
reason: 学生未提供任何与知识点 KP058相关的回答或反馈，无法评估其掌握程度。",,2026-02-23T22:34:25.906500
168,9d1e7339-7eef-4052-9a76-815e5205c335,s9,KP043,"score: 0
reason: 学生备注为空，无法评估对知识点 KP043 的掌握情况。",,2026-02-23T22:34:29.044930
169,9d1e7339-7eef-4052-9a76-815e5205c335,s9,KP031,"score: 0
reason: 学生备注为空，无法评估对知识点 KP031 的掌握情况。",,2026-02-23T22:34:33.641531
170,9d1e7339-7eef-4052-9a76-815e5205c335,s9,KP064,"score: 0
reason: 学生备注为空，无法评估对知识点 KP064 的掌握情况。",,2026-02-23T22:34:38.523108
171,9d1e7339-7eef-4052-9a76-815e5205c335,s9,KP067,"score: 0
reason: 学生备注为空，无法评估对知识点的掌握情况。",,2026-02-23T22:34:41.825199
172,9d1e7339-7eef-4052-9a76-815e5205c335,s9,KP044,"score: 0
reason: 学生未提供任何与知识点 KP044 相关的反馈或回答，无法评估其掌握程度。",,2026-02-23T22:34:44.718758
